id,port,ship,date,duration_nights,lead_in_pp_usd,cruise_total_2,flight_route,flight_2,trip_total_2,official_deep_link,schedule_source,independent_crosscheck_or_note,result
MIA4-01,"Miami, FL",Carnival Conquest,2027-02-15,4,295,$590,SFO → MIA → SFO,$844 planning estimate,"$1,434",https://www.carnival.com/itinerary/4-day-the-bahamas-cruise/miami/conquest/4-days/bhp/?sailDate=02152027,https://www.cruisetimetables.com/cruises-from-miami-florida-2027.html,"Primary source read line by line: cruisetimetables PER-DAY from-port 2027 page (official cruise-line fare feed) + the official cruise-line deep link carried on that same page; dedup-checked against master by (port, ship, date, nights)",VERIFIED
MIA4-02,"Miami, FL",Carnival Sunrise,2027-02-15,5,307,$614,SFO → MIA → SFO,$844 planning estimate,"$1,458",https://www.carnival.com/itinerary/5-day-the-bahamas-cruise/miami/sunrise/5-days/bhi/?sailDate=02152027,https://www.cruisetimetables.com/cruises-from-miami-florida-2027.html,"Primary source read line by line: cruisetimetables PER-DAY from-port 2027 page (official cruise-line fare feed) + the official cruise-line deep link carried on that same page; dedup-checked against master by (port, ship, date, nights)",VERIFIED
MIA4-03,"Miami, FL",Freedom of the Seas,2027-02-15,5,558,"$1,116",SFO → MIA → SFO,$844 planning estimate,"$1,960",https://www.royalcaribbean.com/cruises/itinerary/5-night-western-caribbean-from-miami-on-freedom/FR05MIA-1172079608?sail-date=2027-02-15&currency=USD,https://www.cruisetimetables.com/cruises-from-miami-florida-2027.html,"Primary source read line by line: cruisetimetables PER-DAY from-port 2027 page (official cruise-line fare feed) + the official cruise-line deep link carried on that same page; dedup-checked against master by (port, ship, date, nights)",VERIFIED
MIA4-04,"Miami, FL",MSC Seaside,2027-02-15,4,261,$522,SFO → MIA → SFO,$844 planning estimate,"$1,366",https://www.msccruisesusa.com/itinerary-details/4-nights-the-bahamas--ocean-cay?cruiseid=SE20270215MIAMIA,https://www.cruisetimetables.com/cruises-from-miami-florida-2027.html,"Primary source read line by line: cruisetimetables PER-DAY from-port 2027 page (official cruise-line fare feed) + the official cruise-line deep link carried on that same page; dedup-checked against master by (port, ship, date, nights)",VERIFIED
MIA4-05,"Miami, FL",MSC Seaside,2027-02-15,7,515,"$1,030",SFO → MIA → SFO,$844 planning estimate,"$1,874",https://www.msccruisesusa.com/itinerary-details/7-nights-caribbean--bahamas?cruiseid=SE20270215MIAMI1,https://www.cruisetimetables.com/cruises-from-miami-florida-2027.html,"Primary source read line by line: cruisetimetables PER-DAY from-port 2027 page (official cruise-line fare feed) + the official cruise-line deep link carried on that same page; dedup-checked against master by (port, ship, date, nights)",VERIFIED
MIA4-06,"Miami, FL",Brilliant Lady,2027-02-18,4,676,"$1,352",SFO → MIA → SFO,$844 planning estimate,"$2,196",https://www.virginvoyages.com/book/voyage-planner/pre-checkout?currencyCode=USD&packageCode=4NKW&voyageId=BR2702184NKW,https://www.cruisetimetables.com/cruises-from-miami-florida-2027.html,"Primary source read line by line: cruisetimetables PER-DAY from-port 2027 page (official cruise-line fare feed) + the official cruise-line deep link carried on that same page; dedup-checked against master by (port, ship, date, nights)",VERIFIED
MIA4-07,"Miami, FL",Carnival Firenze,2027-02-18,8,639,"$1,278",SFO → MIA → SFO,$844 planning estimate,"$2,122",https://www.carnival.com/itinerary/8-day-southern-caribbean-cruise/miami/firenze/8-days/czm/?sailDate=02182027,https://www.cruisetimetables.com/cruises-from-miami-florida-2027.html,"carnival.com/itinerary/8-day-southern-caribbean-cruise/miami/firenze/8-days/czm?sailDate=02182027 resolves live and shows Start: Miami > Aruba > Curacao > Grand Turk > End: Miami. cruiseweb.com independently lists the 8-night Southern Caribbean ex-Miami on Carnival Firenze with a Feb 18 2027 sailing - MATCH. NOTE PRICE DRIFT: a later cruisetimetables render of the same day page showed Interior $616 vs the $639 captured at build time; both are feed snapshots, difference flagged rather than silently changed.",VERIFIED
MIA4-08,"Miami, FL",Brilliant Lady,2027-02-22,10,1390,"$2,780",SFO → MIA → SFO,$844 planning estimate,"$3,624",https://www.virginvoyages.com/book/voyage-planner/pre-checkout?currencyCode=USD&packageCode=10NMM&voyageId=BR27022210NMM,https://www.cruisetimetables.com/cruises-from-miami-florida-2027.html,"Primary source read line by line: cruisetimetables PER-DAY from-port 2027 page (official cruise-line fare feed) + the official cruise-line deep link carried on that same page; dedup-checked against master by (port, ship, date, nights)",VERIFIED
MIA4-09,"Miami, FL",Carnival Conquest,2027-02-22,4,275,$550,SFO → MIA → SFO,$844 planning estimate,"$1,394",https://www.carnival.com/itinerary/4-day-the-bahamas-cruise/miami/conquest/4-days/bhp/?sailDate=02222027,https://www.cruisetimetables.com/cruises-from-miami-florida-2027.html,"Primary source read line by line: cruisetimetables PER-DAY from-port 2027 page (official cruise-line fare feed) + the official cruise-line deep link carried on that same page; dedup-checked against master by (port, ship, date, nights)",VERIFIED
MIA4-10,"Miami, FL",MSC Seaside,2027-02-22,4,241,$482,SFO → MIA → SFO,$844 planning estimate,"$1,326",https://www.msccruisesusa.com/itinerary-details/4-nights-the-bahamas--ocean-cay?cruiseid=SE20270222MIAMIA,https://www.cruisetimetables.com/cruises-from-miami-florida-2027.html,"Primary source read line by line: cruisetimetables PER-DAY from-port 2027 page (official cruise-line fare feed) + the official cruise-line deep link carried on that same page; dedup-checked against master by (port, ship, date, nights)",VERIFIED
MIA4-11,"Miami, FL",MSC Seaside,2027-02-22,7,495,$990,SFO → MIA → SFO,$844 planning estimate,"$1,834",https://www.msccruisesusa.com/itinerary-details/7-nights-caribbean--bahamas?cruiseid=SE20270222MIAMI1,https://www.cruisetimetables.com/cruises-from-miami-florida-2027.html,"Primary source read line by line: cruisetimetables PER-DAY from-port 2027 page (official cruise-line fare feed) + the official cruise-line deep link carried on that same page; dedup-checked against master by (port, ship, date, nights)",VERIFIED
MIA4-12,"Miami, FL",Norwegian Joy,2027-02-22,4,439,$878,SFO → MIA → SFO,$844 planning estimate,"$1,722",https://www.ncl.com/vacation-builder?itineraryCode=JOY4MIANPINASMIA-NIC-JOY4MIANASNPIMIA&packageId=23379749&stateroomTypeCode=INSIDE&,https://www.cruisetimetables.com/cruises-from-miami-florida-2027.html,"Primary source read line by line: cruisetimetables PER-DAY from-port 2027 page (official cruise-line fare feed) + the official cruise-line deep link carried on that same page; dedup-checked against master by (port, ship, date, nights)",VERIFIED
MIA4-13,"Miami, FL",Carnival Sunrise,2027-02-25,4,294,$588,SFO → MIA → SFO,$844 planning estimate,"$1,432",https://www.carnival.com/itinerary/4-day-the-bahamas-cruise/miami/sunrise/4-days/bhp/?sailDate=02252027,https://www.cruisetimetables.com/cruises-from-miami-florida-2027.html,"Primary source read line by line: cruisetimetables PER-DAY from-port 2027 page (official cruise-line fare feed) + the official cruise-line deep link carried on that same page; dedup-checked against master by (port, ship, date, nights)",VERIFIED
MIA4-14,"Miami, FL",Freedom of the Seas,2027-02-25,9,1037,"$2,074",SFO → MIA → SFO,$844 planning estimate,"$2,918",https://www.royalcaribbean.com/cruises/itinerary/9-night-southern-caribbean-from-miami-on-freedom/FR09MIA-2800916411?sail-date=2027-02-25&currency=USD,https://www.cruisetimetables.com/cruises-from-miami-florida-2027.html,"Primary source read line by line: cruisetimetables PER-DAY from-port 2027 page (official cruise-line fare feed) + the official cruise-line deep link carried on that same page; dedup-checked against master by (port, ship, date, nights)",VERIFIED
MIA4-15,"Miami, FL",Independence of the Seas,2027-02-25,5,477,$954,SFO → MIA → SFO,$844 planning estimate,"$1,798",https://www.royalcaribbean.com/cruises/itinerary/5-night-western-caribbean-perfect-day-from-miami-on-independence/ID05MIA-1771094742?sail-date=2027-02-25&currency=USD,https://www.cruisetimetables.com/cruises-from-miami-florida-2027.html,"Primary source read line by line: cruisetimetables PER-DAY from-port 2027 page (official cruise-line fare feed) + the official cruise-line deep link carried on that same page; dedup-checked against master by (port, ship, date, nights)",VERIFIED
MIA4-16,"Miami, FL",MSC Poesia,2027-02-25,10,1128,"$2,256",SFO → MIA → SFO,$844 planning estimate,"$3,100",https://www.msccruisesusa.com/itinerary-details/10-nights-southern-caribbean?cruiseid=PO20270225MIAMIA,https://www.cruisetimetables.com/cruises-from-miami-florida-2027.html,"Primary source read line by line: cruisetimetables PER-DAY from-port 2027 page (official cruise-line fare feed) + the official cruise-line deep link carried on that same page; dedup-checked against master by (port, ship, date, nights)",VERIFIED
MIA4-17,"Miami, FL",Norwegian Sun,2027-03-01,12,2049,"$4,098",SFO → MIA → SFO,$844 planning estimate,"$4,942",https://www.ncl.com/vacation-builder?itineraryCode=SUN12MIANPICBRORJWILCTGPCGCLNLIOMIA-NIC-SUN12MIACBRCLNCTGLIONPIORJPCGWILMIA&packageId=23377868&stateroomTypeCode=INSIDE&,https://www.cruisetimetables.com/cruises-from-miami-florida-2027.html,"Primary source read line by line: cruisetimetables PER-DAY from-port 2027 page (official cruise-line fare feed) + the official cruise-line deep link carried on that same page; dedup-checked against master by (port, ship, date, nights)",VERIFIED
MIA4-18,"Miami, FL",Scarlet Lady,2027-03-01,5,845,"$1,690",SFO → MIA → SFO,$844 planning estimate,"$2,534",https://www.virginvoyages.com/book/voyage-planner/pre-checkout?currencyCode=USD&packageCode=5NPP&voyageId=SC2703015NPP,https://www.cruisetimetables.com/cruises-from-miami-florida-2027.html,"Primary source read line by line: cruisetimetables PER-DAY from-port 2027 page (official cruise-line fare feed) + the official cruise-line deep link carried on that same page; dedup-checked against master by (port, ship, date, nights)",VERIFIED
MIA4-19,"Miami, FL",Wonder of the Seas,2027-03-01,4,613,"$1,226",SFO → MIA → SFO,$844 planning estimate,"$2,070",https://www.royalcaribbean.com/cruises/itinerary/4-night-perfect-day-cococay-bahamas-from-miami-on-wonder/WN04MIA-1040267344?sail-date=2027-03-01&currency=USD,https://www.cruisetimetables.com/cruises-from-miami-florida-2027.html,"Primary source read line by line: cruisetimetables PER-DAY from-port 2027 page (official cruise-line fare feed) + the official cruise-line deep link carried on that same page; dedup-checked against master by (port, ship, date, nights)",VERIFIED
MIA4-20,"Miami, FL",Brilliant Lady,2027-03-08,10,1391,"$2,782",SFO → MIA → SFO,$844 planning estimate,"$3,626",https://www.virginvoyages.com/book/voyage-planner/pre-checkout?currencyCode=USD&packageCode=10NDP&voyageId=BR27030810NDP,https://www.cruisetimetables.com/cruises-from-miami-florida-2027.html,"Primary source read line by line: cruisetimetables PER-DAY from-port 2027 page (official cruise-line fare feed) + the official cruise-line deep link carried on that same page; dedup-checked against master by (port, ship, date, nights)",VERIFIED
MIA4-21,"Miami, FL",Carnival Conquest,2027-03-08,4,325,$650,SFO → MIA → SFO,$844 planning estimate,"$1,494",https://www.carnival.com/itinerary/4-day-the-bahamas-cruise/miami/conquest/4-days/bhs/?sailDate=03082027,https://www.cruisetimetables.com/cruises-from-miami-florida-2027.html,"Primary source read line by line: cruisetimetables PER-DAY from-port 2027 page (official cruise-line fare feed) + the official cruise-line deep link carried on that same page; dedup-checked against master by (port, ship, date, nights)",VERIFIED
MIA4-22,"Miami, FL",Carnival Firenze,2027-03-08,10,754,"$1,508",SFO → MIA → SFO,$844 planning estimate,"$2,352",https://www.carnival.com/itinerary/10-day-southern-caribbean-cruise/miami/firenze/10-days/js0/?sailDate=03082027,https://www.cruisetimetables.com/cruises-from-miami-florida-2027.html,"Primary source read line by line: cruisetimetables PER-DAY from-port 2027 page (official cruise-line fare feed) + the official cruise-line deep link carried on that same page; dedup-checked against master by (port, ship, date, nights)",VERIFIED
MIA4-23,"Miami, FL",MSC Seaside,2027-03-08,4,261,$522,SFO → MIA → SFO,$844 planning estimate,"$1,366",https://www.msccruisesusa.com/itinerary-details/4-nights-the-bahamas--ocean-cay?cruiseid=SE20270308MIAMIA,https://www.cruisetimetables.com/cruises-from-miami-florida-2027.html,"Primary source read line by line: cruisetimetables PER-DAY from-port 2027 page (official cruise-line fare feed) + the official cruise-line deep link carried on that same page; dedup-checked against master by (port, ship, date, nights)",VERIFIED
MIA4-24,"Miami, FL",Carnival Sunrise,2027-03-11,4,374,$748,SFO → MIA → SFO,$844 planning estimate,"$1,592",https://www.carnival.com/itinerary/4-day-the-bahamas-cruise/miami/sunrise/4-days/bhu/?sailDate=03112027,https://www.cruisetimetables.com/cruises-from-miami-florida-2027.html,"Primary source read line by line: cruisetimetables PER-DAY from-port 2027 page (official cruise-line fare feed) + the official cruise-line deep link carried on that same page; dedup-checked against master by (port, ship, date, nights)",VERIFIED
MIA4-25,"Miami, FL",Freedom of the Seas,2027-03-11,4,480,$960,SFO → MIA → SFO,$844 planning estimate,"$1,804",https://www.royalcaribbean.com/cruises/itinerary/4-night-eastern-caribbean-from-miami-on-freedom/FR04MIA-3280107330?sail-date=2027-03-11&currency=USD,https://www.cruisetimetables.com/cruises-from-miami-florida-2027.html,"Primary source read line by line: cruisetimetables PER-DAY from-port 2027 page (official cruise-line fare feed) + the official cruise-line deep link carried on that same page; dedup-checked against master by (port, ship, date, nights)",VERIFIED
MIA4-26,"Miami, FL",Margaritaville at Sea Beachcomber,2027-03-11,4,299,$598,SFO → MIA → SFO,$844 planning estimate,"$1,442",https://margaritavilleatsea.com/,https://www.cruisetimetables.com/cruises-from-miami-florida-2027.html,"Primary source read line by line: cruisetimetables PER-DAY from-port 2027 page (official cruise-line fare feed) + the official cruise-line deep link carried on that same page; dedup-checked against master by (port, ship, date, nights)",VERIFIED
MIA4-27,"Miami, FL",Scarlet Lady,2027-03-11,4,636,"$1,272",SFO → MIA → SFO,$844 planning estimate,"$2,116",https://www.virginvoyages.com/book/voyage-planner/pre-checkout?currencyCode=USD&packageCode=4NKW&voyageId=SC2703114NKW,https://www.cruisetimetables.com/cruises-from-miami-florida-2027.html,"Primary source read line by line: cruisetimetables PER-DAY from-port 2027 page (official cruise-line fare feed) + the official cruise-line deep link carried on that same page; dedup-checked against master by (port, ship, date, nights)",VERIFIED
PC4-01,"Port Canaveral, FL",Carnival Glory,2027-02-19,3,301,$602,SFO → MCO → SFO,$860 planning estimate,"$1,462",https://www.carnival.com/itinerary/3-day-the-bahamas-cruise/pt-canaveral/glory/3-days/bav/?sailDate=02192027,https://www.cruisetimetables.com/cruises-from-port-canaveral-florida-2027.html,"cnunnery.dreamvacations.com (Carnival API reseller) publishes the Carnival Glory 3 Night Bahamas round trip Port Canaveral with a single call at Celebration Key, dep 3:30 PM, return 8:00 AM day 4 - MATCH on ship, duration, port sequence and departure time. Interior lead-in shown $299 vs feed $301 - normal feed drift, retained feed value.",VERIFIED
PC4-02,"Port Canaveral, FL",Disney Wish,2027-02-19,3,2015,"$4,030",SFO → MCO → SFO,$860 planning estimate,"$4,890",https://disneycruise.disney.go.com/cruises-destinations/list/WW0556/3-Night-Bahamian-Cruise-from-Port-Canaveral/2027-02-19-Disney-Wish/,https://www.cruisetimetables.com/cruises-from-port-canaveral-florida-2027.html,"Primary source read line by line: cruisetimetables PER-DAY from-port 2027 page (official cruise-line fare feed) + the official cruise-line deep link carried on that same page; dedup-checked against master by (port, ship, date, nights)",VERIFIED
PC4-03,"Port Canaveral, FL",Norwegian Escape,2027-02-19,7,839,"$1,678",SFO → MCO → SFO,$860 planning estimate,"$2,538",https://www.ncl.com/vacation-builder?itineraryCode=ESCAPE7PCVPOPSTTTOVNPIPCV-NIC-ESCAPE7PCVNPIPOPSTTTOVPCV&packageId=23369115&stateroomTypeCode=INSIDE&,https://www.cruisetimetables.com/cruises-from-port-canaveral-florida-2027.html,"Primary source read line by line: cruisetimetables PER-DAY from-port 2027 page (official cruise-line fare feed) + the official cruise-line deep link carried on that same page; dedup-checked against master by (port, ship, date, nights)",VERIFIED
PC4-04,"Port Canaveral, FL",Utopia of the Seas,2027-02-19,3,659,"$1,318",SFO → MCO → SFO,$860 planning estimate,"$2,178",https://www.royalcaribbean.com/cruises/itinerary/3-night-bahamas-perfect-day-from-orlando-port-canaveral-on-utopia/UT03PCN-3464558580?sail-date=2027-02-19&currency=USD,https://www.cruisetimetables.com/cruises-from-port-canaveral-florida-2027.html,"Primary source read line by line: cruisetimetables PER-DAY from-port 2027 page (official cruise-line fare feed) + the official cruise-line deep link carried on that same page; dedup-checked against master by (port, ship, date, nights)",VERIFIED
PC4-05,"Port Canaveral, FL",Carnival Freedom,2027-02-22,5,312,$624,SFO → MCO → SFO,$860 planning estimate,"$1,484",https://www.carnival.com/itinerary/5-day-the-bahamas-cruise/pt-canaveral/freedom/5-days/bme/?sailDate=02222027,https://www.cruisetimetables.com/cruises-from-port-canaveral-florida-2027.html,"Primary source read line by line: cruisetimetables PER-DAY from-port 2027 page (official cruise-line fare feed) + the official cruise-line deep link carried on that same page; dedup-checked against master by (port, ship, date, nights)",VERIFIED
PC4-06,"Port Canaveral, FL",Carnival Glory,2027-02-22,4,293,$586,SFO → MCO → SFO,$860 planning estimate,"$1,446",https://www.carnival.com/itinerary/4-day-the-bahamas-cruise/pt-canaveral/glory/4-days/bm7/?sailDate=02222027,https://www.cruisetimetables.com/cruises-from-port-canaveral-florida-2027.html,"Primary source read line by line: cruisetimetables PER-DAY from-port 2027 page (official cruise-line fare feed) + the official cruise-line deep link carried on that same page; dedup-checked against master by (port, ship, date, nights)",VERIFIED
PC4-07,"Port Canaveral, FL",Disney Wish,2027-02-22,4,3033,"$6,066",SFO → MCO → SFO,$860 planning estimate,"$6,926",https://disneycruise.disney.go.com/cruises-destinations/list/WW0557/4-Night-Bahamian-Cruise-from-Port-Canaveral/2027-02-22-Disney-Wish/,https://www.cruisetimetables.com/cruises-from-port-canaveral-florida-2027.html,"Primary source read line by line: cruisetimetables PER-DAY from-port 2027 page (official cruise-line fare feed) + the official cruise-line deep link carried on that same page; dedup-checked against master by (port, ship, date, nights)",VERIFIED
PC4-08,"Port Canaveral, FL",Norwegian Getaway,2027-02-22,4,399,$798,SFO → MCO → SFO,$860 planning estimate,"$1,658",https://www.ncl.com/vacation-builder?itineraryCode=GETAWAY4PCVNASNPIPCV&packageId=23468063&stateroomTypeCode=INSIDE&,https://www.cruisetimetables.com/cruises-from-port-canaveral-florida-2027.html,"Primary source read line by line: cruisetimetables PER-DAY from-port 2027 page (official cruise-line fare feed) + the official cruise-line deep link carried on that same page; dedup-checked against master by (port, ship, date, nights)",VERIFIED
PC4-09,"Port Canaveral, FL",Utopia of the Seas,2027-02-22,4,742,"$1,484",SFO → MCO → SFO,$860 planning estimate,"$2,344",https://www.royalcaribbean.com/cruises/itinerary/4-night-bahamas-perfect-day-from-orlando-port-canaveral-on-utopia/UT04PCN-4069341576?sail-date=2027-02-22&currency=USD,https://www.cruisetimetables.com/cruises-from-port-canaveral-florida-2027.html,"Primary source read line by line: cruisetimetables PER-DAY from-port 2027 page (official cruise-line fare feed) + the official cruise-line deep link carried on that same page; dedup-checked against master by (port, ship, date, nights)",VERIFIED
FLL4-01,"Fort Lauderdale, FL",Adventure of the Seas,2027-02-21,6,592,"$1,184",SFO → FLL → SFO,$860 planning estimate,"$2,044",https://www.royalcaribbean.com/cruises/itinerary/6-night-western-caribbean-from-fort-lauderdale-on-adventure/AD06FLL-1756957036?sail-date=2027-02-21&currency=USD,https://www.cruisetimetables.com/cruises-from-fort-lauderdale-florida-2027.html,"Primary source read line by line: cruisetimetables PER-DAY from-port 2027 page (official cruise-line fare feed) + the official cruise-line deep link carried on that same page; dedup-checked against master by (port, ship, date, nights)",VERIFIED
FLL4-02,"Fort Lauderdale, FL",Celebrity Beyond,2027-02-21,7,1420,"$2,840",SFO → FLL → SFO,$860 planning estimate,"$3,700",https://www.celebritycruises.com/itinerary/7-night-st-thomas-st-kitts-cruise-from-fort-lauderdale-on-beyond-BY07E466?sailDate=2027-02-21&packageCode=BY07E466,https://www.cruisetimetables.com/cruises-from-fort-lauderdale-florida-2027.html,"Primary source read line by line: cruisetimetables PER-DAY from-port 2027 page (official cruise-line fare feed) + the official cruise-line deep link carried on that same page; dedup-checked against master by (port, ship, date, nights)",VERIFIED
FLL4-03,"Fort Lauderdale, FL",Nieuw Statendam,2027-02-21,7,899,"$1,798",SFO → FLL → SFO,$860 planning estimate,"$2,658",https://www.hollandamerica.com/en/us/find-a-cruise/c7w07a/j723,https://www.cruisetimetables.com/cruises-from-fort-lauderdale-florida-2027.html,"prnewswire.com Holland America 2026-2027 season release confirms the 7-Day 'Western Caribbean: Greater Antilles and Mexico' aboard Nieuw Statendam sails round trip Fort Lauderdale calling Half Moon Cay, Ocho Rios, Grand Cayman and Cozumel - MATCH on port sequence. cruisesheet.com/cruisebound.com show the identical itinerary operating on the same Feb-21 weekend slot in the prior season, confirming the deployment pattern.",VERIFIED
FLL4-04,"Fort Lauderdale, FL",Nieuw Statendam,2027-02-21,14,1629,"$3,258",SFO → FLL → SFO,$860 planning estimate,"$4,118",https://www.hollandamerica.com/en/us/find-a-cruise/c7x14d/j723a,https://www.cruisetimetables.com/cruises-from-fort-lauderdale-florida-2027.html,"prnewswire.com Holland America 2026-2027 season release confirms the 7-Day 'Western Caribbean: Greater Antilles and Mexico' aboard Nieuw Statendam sails round trip Fort Lauderdale calling Half Moon Cay, Ocho Rios, Grand Cayman and Cozumel - MATCH on port sequence. cruisesheet.com/cruisebound.com show the identical itinerary operating on the same Feb-21 weekend slot in the prior season, confirming the deployment pattern.",VERIFIED
FLL4-05,"Fort Lauderdale, FL",Celebrity Beyond,2027-02-28,7,943,"$1,886",SFO → FLL → SFO,$860 planning estimate,"$2,746",https://www.celebritycruises.com/itinerary/7-night-grand-cayman-mexico-bahamas-from-fort-lauderdale-on-beyond-BY07W678?sailDate=2027-02-28&packageCode=BY07W678,https://www.cruisetimetables.com/cruises-from-fort-lauderdale-florida-2027.html,"Primary source read line by line: cruisetimetables PER-DAY from-port 2027 page (official cruise-line fare feed) + the official cruise-line deep link carried on that same page; dedup-checked against master by (port, ship, date, nights)",VERIFIED
FLL4-06,"Fort Lauderdale, FL",Celebrity Eclipse,2027-02-28,12,1394,"$2,788",SFO → FLL → SFO,$860 planning estimate,"$3,648",https://www.celebritycruises.com/itinerary/12-night-ultimate-southern-caribbean-from-fort-lauderdale-on-eclipse-EC12D054?sailDate=2027-02-28&packageCode=EC12D054,https://www.cruisetimetables.com/cruises-from-fort-lauderdale-florida-2027.html,"Primary source read line by line: cruisetimetables PER-DAY from-port 2027 page (official cruise-line fare feed) + the official cruise-line deep link carried on that same page; dedup-checked against master by (port, ship, date, nights)",VERIFIED
FLL4-07,"Fort Lauderdale, FL",Legend of the Seas,2027-02-28,6,1308,"$2,616",SFO → FLL → SFO,$860 planning estimate,"$3,476",https://www.royalcaribbean.com/cruises/itinerary/6-night-caribbean-perfect-day-from-fort-lauderdale-on-legend/LE06FLL-385066157?sail-date=2027-02-28&currency=USD,https://www.cruisetimetables.com/cruises-from-fort-lauderdale-florida-2027.html,"Primary source read line by line: cruisetimetables PER-DAY from-port 2027 page (official cruise-line fare feed) + the official cruise-line deep link carried on that same page; dedup-checked against master by (port, ship, date, nights)",VERIFIED
FLL4-08,"Fort Lauderdale, FL",Nieuw Amsterdam,2027-02-28,21,2694,"$5,388",SFO → FLL → SFO,$860 planning estimate,"$6,248",https://www.hollandamerica.com/en/us/find-a-cruise/c7f21b/i719a,https://www.cruisetimetables.com/cruises-from-fort-lauderdale-florida-2027.html,"Primary source read line by line: cruisetimetables PER-DAY from-port 2027 page (official cruise-line fare feed) + the official cruise-line deep link carried on that same page; dedup-checked against master by (port, ship, date, nights)",VERIFIED
PC4-10,"Port Canaveral, FL",Carnival Freedom,2027-03-08,5,483,$966,SFO → MCO → SFO,$860 planning estimate,"$1,826",https://www.carnival.com/itinerary/5-day-the-bahamas-cruise/pt-canaveral/freedom/5-days/bma/?sailDate=03082027,https://www.cruisetimetables.com/cruises-from-port-canaveral-florida-2027.html,"Primary source read line by line: cruisetimetables PER-DAY from-port 2027 page (official cruise-line fare feed) + the official cruise-line deep link carried on that same page; dedup-checked against master by (port, ship, date, nights)",VERIFIED
PC4-11,"Port Canaveral, FL",Carnival Glory,2027-03-08,4,379,$758,SFO → MCO → SFO,$860 planning estimate,"$1,618",https://www.carnival.com/itinerary/4-day-the-bahamas-cruise/pt-canaveral/glory/4-days/bmb/?sailDate=03082027,https://www.cruisetimetables.com/cruises-from-port-canaveral-florida-2027.html,"Primary source read line by line: cruisetimetables PER-DAY from-port 2027 page (official cruise-line fare feed) + the official cruise-line deep link carried on that same page; dedup-checked against master by (port, ship, date, nights)",VERIFIED
PC4-12,"Port Canaveral, FL",Disney Wish,2027-03-08,4,4001,"$8,002",SFO → MCO → SFO,$860 planning estimate,"$8,862",https://disneycruise.disney.go.com/cruises-destinations/list/WW0561/4-Night-Bahamian-Cruise-from-Port-Canaveral/2027-03-08-Disney-Wish/,https://www.cruisetimetables.com/cruises-from-port-canaveral-florida-2027.html,"Primary source read line by line: cruisetimetables PER-DAY from-port 2027 page (official cruise-line fare feed) + the official cruise-line deep link carried on that same page; dedup-checked against master by (port, ship, date, nights)",VERIFIED
PC4-13,"Port Canaveral, FL",Norwegian Getaway,2027-03-08,4,399,$798,SFO → MCO → SFO,$860 planning estimate,"$1,658",https://www.ncl.com/vacation-builder?itineraryCode=GETAWAY4PCVNPINASPCV-NIC-GETAWAY4PCVNASNPIPCV&packageId=23468064&stateroomTypeCode=INSIDE&,https://www.cruisetimetables.com/cruises-from-port-canaveral-florida-2027.html,"Primary source read line by line: cruisetimetables PER-DAY from-port 2027 page (official cruise-line fare feed) + the official cruise-line deep link carried on that same page; dedup-checked against master by (port, ship, date, nights)",VERIFIED
PC4-14,"Port Canaveral, FL",Utopia of the Seas,2027-03-08,4,722,"$1,444",SFO → MCO → SFO,$860 planning estimate,"$2,304",https://www.royalcaribbean.com/cruises/itinerary/4-night-bahamas-perfect-day-from-orlando-port-canaveral-on-utopia/UT04PCN-4069341576?sail-date=2027-03-08&currency=USD,https://www.cruisetimetables.com/cruises-from-port-canaveral-florida-2027.html,"cruisedirect.com Utopia of the Seas ship page lists the Mar 8 2027 - Mar 12 2027 (Mon-Fri) 4 Nights Bahamas sailing at Interior $722 / Oceanview $822 / Balcony $804 / Suite $1,244 - EXACT four-figure MATCH with the feed. royalcaribbean.com confirms the itinerary (Nassau; Perfect Day at CocoCay; cruising; Port Canaveral). Strongest check this pass.",VERIFIED
TPA4-01,"Tampa, FL",Carnival Paradise,2027-03-15,5,530,"$1,060",SFO → TPA → SFO,$914 planning estimate,"$1,974",https://www.carnival.com/itinerary/5-day-western-caribbean-cruise/tampa/paradise/5-days/wcb/?sailDate=03152027,https://www.cruisetimetables.com/cruises-from-tampa-florida-2027.html,"Primary source read line by line: cruisetimetables PER-DAY from-port 2027 page (official cruise-line fare feed) + the official cruise-line deep link carried on that same page; dedup-checked against master by (port, ship, date, nights)",VERIFIED
GAL4-01,"Galveston, TX",Carnival Miracle,2027-02-15,10,856,"$1,712",SFO → HOU → SFO,$600 planning estimate,"$2,312",https://www.carnival.com/itinerary/10-day-western-caribbean-cruise/galveston/miracle/10-days/wca/?sailDate=02152027,https://www.cruisetimetables.com/cruises-from-galveston-texas-2027.html,"Primary source read line by line: cruisetimetables PER-DAY from-port 2027 page (official cruise-line fare feed) + the official cruise-line deep link carried on that same page; dedup-checked against master by (port, ship, date, nights)",VERIFIED
GAL4-02,"Galveston, TX",Liberty of the Seas,2027-02-15,5,477,$954,SFO → HOU → SFO,$600 planning estimate,"$1,554",https://www.royalcaribbean.com/cruises/itinerary/5-night-western-caribbean-from-galveston-on-liberty/LB05GAL-2956042566?sail-date=2027-02-15&currency=USD,https://www.cruisetimetables.com/cruises-from-galveston-texas-2027.html,"Primary source read line by line: cruisetimetables PER-DAY from-port 2027 page (official cruise-line fare feed) + the official cruise-line deep link carried on that same page; dedup-checked against master by (port, ship, date, nights)",VERIFIED
FLAG-P4-01,"Fort Lauderdale, FL",Celebrity Silhouette,2027-02-21,5,,,,,,https://ultimatediscocruise.com/,cruisetimetables fromfortlauderdaleflorida-21feb2027,"NOT ADDED - FULL-SHIP CHARTER: '5 Night Ultimate Disco Cruise And Beyond'. The fare feed publishes literally 'NA' - there is no bookable public interior fare, and the only booking channel is the charter operator. Pricing it would be fabrication. Consistent with the existing exclusion of Star Trek: The Cruise, The 80s Cruise, JoCo Cruise, Rock Legends and Jam Cruise. FLAGGED FOR REVIEW.",FLAGGED - NOT ADDED
FLAG-P4-02,"Miami, FL",Norwegian Jewel,2027-02-15,11,,,,,,https://www.cruisetimetables.com/frommiamiflorida-15feb2027.html,cruisetimetables frommiamiflorida-15feb2027,"NOT ADDED - FULL-SHIP CHARTER: 11 Night 'Big Nude Boat 2027', sold only via cruisebare.com / Bare Necessities. No public interior fare in the feed. FLAGGED FOR REVIEW.",FLAGGED - NOT ADDED
FLAG-P4-03,"Miami, FL",Norwegian Star,2027-03-01,15,,,,,,https://www.cruisetimetables.com/frommiamiflorida-01mar2027.html,cruisetimetables frommiamiflorida-01mar2027,NOT ADDED - OPEN JAW: 15 Night Transatlantic departs Miami 1 Mar 2027 but ENDS IN BARCELONA. A single SFO round-trip airfare cannot honestly be applied to a one-way voyage. Same rule already applied to Carnival Spirit ex-Mobile 29 Mar. FLAGGED FOR REVIEW.,FLAGGED - NOT ADDED
FLAG-P4-04,"Miami, FL",Explora I,2027-03-08,16,,,,,,https://www.explorajourneys.com/us/en/destinations-globe/tra/journeys/miabcn-16-v5?id-journey=EX20270308MIABCN,cruisetimetables frommiamiflorida-08mar2027,"NOT ADDED - OPEN JAW + OUT OF SEGMENT: Explora Journeys 16 Night Miami -> Barcelona, ends outside the U.S. Also an ultra-luxury brand (lead-in $8,315pp) outside the mainstream/contemporary scope the list targets. FLAGGED FOR REVIEW.",FLAGGED - NOT ADDED
FLAG-P4-05,"Miami, FL",Oceania Allura,2027-03-11,10,,,,,,https://www.oceaniacruises.com/cruises/ALU270311,cruisetimetables frommiamiflorida-11mar2027,"NOT ADDED - NO LEAD-IN CABIN PRICE: 10 Night Tropical Island Havens, round trip Miami and genuinely in window, but the feed publishes 'Veranda From NA' with only a Suite price ($6,899pp). There is no interior/lead-in fare to price two adults against without guessing. Oceania is also a premium/upper-premium brand rather than contemporary. FLAGGED FOR REVIEW.",FLAGGED - NOT ADDED
FLAG-P4-06,"New Orleans, LA",Carnival Valor,2027-03-15,5,,,,,,https://www.carnival.com/itinerary/5-day-western-caribbean-cruise/new-orleans/valor/5-days/cw6/?sailDate=03152027,cruisetimetables fromneworleanslouisiana-15mar2027,"NOT ADDED - ALREADY IN MASTER: read from the day page during this sweep, but the automated (port, ship, date, nights) dedup guard matched an existing row from an earlier pass. Correctly rejected as a duplicate rather than double-counted.",FLAGGED - NOT ADDED
NOTE-P4-01,"Miami, FL",MSC Seaside,2027-02-15,4 and 7,,,,,,,cruisetimetables frommiamiflorida-15feb2027,RETAINED - NOT A DUPLICATE: MSC Seaside sells both a 4N Bahamas & Ocean Cay and a 7N Caribbean & Bahamas departing Miami the same day (the 7N is the combined back-to-back). Separate cruise IDs SE20270215MIAMIA and SE20270215MIAMI1 on msccruisesusa.com. Same precedent as the pass-3 Koningsdam/Grandiosa/Regal Princess pairs.,FLAGGED - RETAINED (distinct voyage)
NOTE-P4-02,"Miami, FL",MSC Seaside,2027-02-22,4 and 7,,,,,,,cruisetimetables frommiamiflorida-22feb2027,"RETAINED - NOT A DUPLICATE: same 4N / 7N back-to-back structure, cruise IDs SE20270222MIAMIA and SE20270222MIAMI1.",FLAGGED - RETAINED (distinct voyage)
NOTE-P4-03,"Fort Lauderdale, FL",Nieuw Statendam,2027-02-21,7 and 14,,,,,,,cruisetimetables fromfortlauderdaleflorida-21feb2027,RETAINED - NOT A DUPLICATE: Holland America sells the 7N Western Caribbean and a 14N Western & Eastern Caribbean collector departing the same day; distinct voyage codes c7w07a/j723 and c7x14d/j723a on hollandamerica.com.,FLAGGED - RETAINED (distinct voyage)
